<xml xmlns="http://www.w3.org/1999/xhtml">
  <tab name="Init" type="InitTab" active="false" scrollx="20" scrolly="0" scale="0.9"></tab>
  <tab name="New Tab" type="CommonTab" active="true" scrollx="39.19998168945324" scrolly="-5.684341886080802e-14" scale="0.9">
    <block xmlns="https://developers.google.com/blockly/xml" type="whenClicked" id="8e/y]LpCnUEeaH=LV|qF" inline="false" x="50" y="30">
      <mutation xmlns="http://www.w3.org/1999/xhtml" adveventoptions="false" enableifmissed="false"></mutation>
      <field name="X_RAY">FALSE</field>
      <field name="DOUBLE_CLICK">FALSE</field>
      <field name="LEFT_BUTTON">TRUE</field>
      <field name="MIDDLE_BUTTON">TRUE</field>
      <field name="RIGHT_BUTTON">TRUE</field>
      <value name="VALUE">
        <shadow type="objectList" id="u6FD@cul2_d4a3Qt^XQ2">
          <field name="FIELDNAME">Sphere_black</field>
        </shadow>
      </value>
      <statement name="DO">
        <block type="assignMaterial" id="qBh1f?/}qN?iB$8:*#)8">
          <value name="VALUE2">
            <shadow type="materialList" id="!~yY1k+Um2T%l=p=zQft">
              <field name="FIELDNAME">paint_black</field>
            </shadow>
          </value>
          <value name="VALUE1">
            <shadow type="objectList" id="Uq176P%Gev.Z8j|mFM!K">
              <field name="FIELDNAME">metal_stand</field>
            </shadow>
          </value>
        </block>
      </statement>
    </block>
    <block xmlns="https://developers.google.com/blockly/xml" type="whenClicked" id="n8W*ZE~HnhY~#nrTfA2l" inline="false" x="50" y="150">
      <mutation xmlns="http://www.w3.org/1999/xhtml" adveventoptions="false" enableifmissed="false"></mutation>
      <field name="X_RAY">FALSE</field>
      <field name="DOUBLE_CLICK">FALSE</field>
      <field name="LEFT_BUTTON">TRUE</field>
      <field name="MIDDLE_BUTTON">TRUE</field>
      <field name="RIGHT_BUTTON">TRUE</field>
      <value name="VALUE">
        <shadow type="objectList" id=")Hk#9PNuXSP_7Lhkz_Yt">
          <field name="FIELDNAME">Sphere_chrome</field>
        </shadow>
      </value>
      <statement name="DO">
        <block type="assignMaterial" id="Qy``w2nV@Je.z|=/s!C+">
          <value name="VALUE2">
            <shadow type="materialList" id="4#;j/m,j8i5.mG$.K*tx">
              <field name="FIELDNAME">chrome</field>
            </shadow>
          </value>
          <value name="VALUE1">
            <shadow type="objectList" id="FJK:u:Dh-Ko~89_-!~Qw">
              <field name="FIELDNAME">metal_stand</field>
            </shadow>
          </value>
        </block>
      </statement>
    </block>
    <block xmlns="https://developers.google.com/blockly/xml" type="whenClicked" id="d_W=I60Iz]%#$wHaM)2b" inline="false" x="50" y="270">
      <mutation xmlns="http://www.w3.org/1999/xhtml" adveventoptions="false" enableifmissed="false"></mutation>
      <field name="X_RAY">FALSE</field>
      <field name="DOUBLE_CLICK">FALSE</field>
      <field name="LEFT_BUTTON">TRUE</field>
      <field name="MIDDLE_BUTTON">TRUE</field>
      <field name="RIGHT_BUTTON">TRUE</field>
      <value name="VALUE">
        <shadow type="objectList" id="wxU6gpPDO`gAr^?0q@ZT">
          <field name="FIELDNAME">Sphere_white</field>
        </shadow>
      </value>
      <statement name="DO">
        <block type="assignMaterial" id="}t_k[$:15PMp1|i0W=5p">
          <value name="VALUE2">
            <shadow type="materialList" id="$)(tiL|A(eoI^v.fd0nK">
              <field name="FIELDNAME">paint_white</field>
            </shadow>
          </value>
          <value name="VALUE1">
            <shadow type="objectList" id="dj}Y9fr%W`,kS2VS?%.)">
              <field name="FIELDNAME">metal_stand</field>
            </shadow>
          </value>
        </block>
      </statement>
    </block>
    <block xmlns="https://developers.google.com/blockly/xml" type="whenClicked" id="(kp-gQyC4*/2aL=@+6Ni" inline="false" x="50" y="390">
      <mutation xmlns="http://www.w3.org/1999/xhtml" adveventoptions="false" enableifmissed="false"></mutation>
      <field name="X_RAY">FALSE</field>
      <field name="DOUBLE_CLICK">FALSE</field>
      <field name="LEFT_BUTTON">TRUE</field>
      <field name="MIDDLE_BUTTON">TRUE</field>
      <field name="RIGHT_BUTTON">TRUE</field>
      <value name="VALUE">
        <shadow type="objectList" id="=_H9{I^94Xr{2zy|_h,c">
          <field name="FIELDNAME">slab01</field>
        </shadow>
      </value>
      <statement name="DO">
        <block type="replaceTexture" id="_cbP^uK01*`r,3N0YOr=">
          <mutation xmlns="http://www.w3.org/1999/xhtml" enabledoslot="false" flextexinput="false"></mutation>
          <field name="OLD_TEX_NAME">&lt;no textures&gt;</field>
          <value name="MATERIAL">
            <shadow type="materialList" id="/D0TX.(c#`5cDEUc(yD-">
              <field name="FIELDNAME">&lt;none&gt;</field>
            </shadow>
          </value>
          <value name="NEW_TEX_URL">
            <shadow type="text" id="IB.PpAGn+rq:+ZoLC?Mi">
              <field name="TEXT">newTexture.png</field>
            </shadow>
          </value>
        </block>
      </statement>
    </block>
  </tab>
  <editorsettings viewport-x="903.5999999999999" viewport-y="37" viewport-w="614.4" viewport-h="353.5" viewport-hidden="false" toolbox-library-mode="false" toolbox-minimized-mode="false"></editorsettings>
</xml>